repo,media_cbo,mediana_cbo,desvio_padrao_cbo,media_dit,mediana_dit,desvio_padrao_dit,media_lcom,mediana_lcom,desvio_padrao_lcom
JavaGuide,,,0.0,,,0.0,,,0.0
hello-algo,1.87,2.0,1.51,1.0,1.0,0.0,4.71,1.0,10.46
GitHub-Chinese-Top-Charts,0.0,0.0,0.0,1.0,1.0,0.0,0.0,0.0,0.0
java-design-patterns,3.36,3.0,2.61,1.2,1.0,0.53,1.83,0.0,6.35
mall,3.93,3.0,4.97,1.24,1.0,0.44,1110.8,13.0,8155.56
spring-boot,5.49,4.0,6.42,1.29,1.0,0.77,12.94,0.0,108.31
advanced-java,0.0,0.0,0.0,1.0,1.0,0.0,0.0,0.0,0.0
LeetCodeAnimation,1.0,1.0,0.0,1.0,1.0,0.0,0.0,0.0,0.0
elasticsearch,,,0.0,,,0.0,,,0.0
ghidra,,,0.0,,,0.0,,,0.0
Java,2.08,2.0,1.48,1.04,1.0,0.26,11.2,1.0,37.12
interviews,1.19,1.0,1.25,1.0,1.0,0.06,0.29,0.0,0.93
spring-framework,5.25,3.0,6.81,1.47,1.0,1.52,29.5,0.0,274.12
termux-app,5.91,4.0,7.19,1.43,1.0,0.7,60.83,0.0,236.37
guava,4.21,2.0,5.69,1.86,1.0,2.32,51.59,0.0,463.24
dbeaver,,,0.0,,,0.0,,,0.0
RxJava,2.33,1.0,5.15,1.32,1.0,0.89,47.88,0.0,1822.91
jadx,4.37,3.0,6.48,1.65,1.0,1.24,32.3,0.0,317.3
JeecgBoot,7.36,4.0,9.6,1.18,1.0,0.45,55.87,0.0,362.76
dubbo,5.44,4.0,5.85,1.29,1.0,0.69,45.92,1.0,434.8
MPAndroidChart,8.84,5.0,10.01,1.98,1.0,1.23,91.03,1.0,517.8
halo,7.7,5.0,7.37,1.27,1.0,0.69,7.66,0.0,31.41
NewPipe,8.66,5.0,10.62,1.72,1.0,1.15,47.87,1.0,249.4
tutorials,4.13,3.0,4.01,1.11,1.0,0.42,5.9,0.0,40.12
arthas,4.69,3.0,5.79,1.36,1.0,0.75,30.2,0.0,149.87
ruoyi-vue-pro,8.21,6.0,7.61,1.22,1.0,0.44,13.59,0.0,435.9
hello-algorithm,1.0,1.0,1.0,1.0,1.0,0.0,0.0,0.0,0.0
leetcode,2.69,2.0,1.98,1.01,1.0,0.08,0.37,0.0,0.87
lottie-android,6.97,5.0,8.35,1.29,1.0,0.65,35.8,0.0,302.49
awesome-system-design-resources,0.82,1.0,0.6,1.0,1.0,0.0,0.0,0.0,0.0
glide,5.98,4.0,6.5,1.24,1.0,0.8,20.0,0.0,157.74
netty,4.49,3.0,5.86,1.53,1.0,1.2,69.06,0.0,1152.79
selenium,5.79,4.0,7.01,1.38,1.0,1.05,33.5,1.0,285.34
spring-boot-demo,5.05,4.0,4.0,1.13,1.0,0.49,2.32,0.0,9.81
zxing,4.99,4.0,4.8,1.66,2.0,0.77,22.81,0.0,130.44
easyexcel,6.63,5.0,6.09,1.38,1.0,0.83,32.02,1.0,355.67
AndroidUtilCode,4.17,2.0,5.56,1.36,1.0,0.84,144.95,0.0,960.51
keycloak,7.0,4.0,8.4,1.53,1.0,1.02,71.06,2.0,965.01
nacos,5.43,3.0,6.57,1.28,1.0,0.67,22.49,0.0,280.35
WxJava,5.45,4.0,6.55,1.21,1.0,0.44,20.96,0.0,237.76
kafka,8.0,4.0,13.49,1.44,1.0,1.1,64.98,0.0,1205.63
conductor,7.44,6.0,7.81,1.23,1.0,0.5,61.04,0.0,335.14
spring-boot-examples,4.73,4.0,3.1,1.03,1.0,0.16,5.03,0.0,16.35
hutool,3.54,3.0,3.83,1.28,1.0,0.75,101.07,0.0,952.64
xxl-job,4.99,3.0,5.6,1.16,1.0,0.41,24.45,0.0,101.97
apollo,7.53,6.0,7.07,1.24,1.0,0.67,15.44,0.0,58.4
canal,5.8,4.0,6.44,1.38,1.0,0.82,77.03,1.0,466.33
SmartTube,6.66,4.0,8.08,1.55,1.0,1.46,66.31,1.0,456.65
spring-cloud-alibaba,5.93,5.0,4.97,1.11,1.0,0.35,29.87,0.0,310.83
SpringAll,5.24,4.0,4.28,1.11,1.0,0.37,3.75,0.0,11.86
Telegram,6.96,4.0,14.11,1.68,1.0,18.05,70.49,0.0,1381.11
druid,5.24,4.0,12.92,1.66,2.0,0.92,229.35,0.0,5182.85
vhr,4.44,2.0,5.84,1.02,1.0,0.15,48.33,6.0,225.79
Mindustry,,,0.0,,,0.0,,,0.0
JCSprout,1.96,1.0,1.86,1.09,1.0,0.37,1.77,0.0,6.36
miaosha,4.15,3.0,4.54,1.13,1.0,0.39,14.3,0.0,85.54
kestra,8.12,6.0,8.61,1.43,1.0,0.81,15.4,0.0,103.95
openapi-generator,5.23,3.0,6.15,1.25,1.0,0.74,85.74,1.0,1108.11
incubator-seata,6.48,4.0,20.77,1.77,1.0,14.1,459.64,2.0,14692.32
flink,7.21,5.0,8.69,1.64,1.0,1.86,35.51,1.0,1177.98
fastjson,1.85,1.0,2.78,1.5,1.0,0.71,126.12,0.0,3281.97
toBeTopJavaer,,,0.0,,,0.0,,,0.0
butterknife,3.96,2.0,6.41,1.24,1.0,0.71,10.48,0.0,75.81
Chat2DB,6.09,4.0,7.03,1.27,1.0,0.56,16.49,0.0,84.84
bazel,7.57,5.0,10.41,1.62,1.0,1.33,71.06,1.0,960.69
SmartRefreshLayout,6.65,3.0,7.59,1.51,1.0,0.85,30.32,0.0,295.05
jenkins,6.35,4.0,8.53,1.91,2.0,1.76,46.62,0.0,908.98
libgdx,5.14,3.0,8.85,1.79,1.0,1.61,3433.1,0.0,144204.93
proxyee-down,5.52,4.0,6.22,1.47,1.0,0.93,19.52,2.0,49.73
skywalking,6.08,4.0,7.26,1.39,1.0,0.8,6.84,0.0,31.5
EventBus,3.43,3.0,3.07,1.84,1.0,1.42,9.05,0.0,35.08
Hystrix,3.34,2.0,5.19,1.57,1.0,3.59,20.25,0.0,385.24
gson,3.02,2.0,4.45,1.28,1.0,1.02,20.73,0.0,381.84
redisson,5.78,3.0,10.54,1.34,1.0,0.77,174.16,0.0,1612.88
Apktool,5.87,5.0,5.36,1.78,2.0,1.04,53.96,1.0,295.12
dataease,4.97,3.0,7.55,1.2,1.0,0.68,28.45,0.0,184.94
FizzBuzzEnterpriseEdition,2.9,2.0,2.84,1.0,1.0,0.0,0.23,0.0,0.72
LSPosed,5.52,3.0,7.25,1.65,1.0,1.29,48.11,0.0,319.85
source-code-hunter,0.0,0.0,0.0,1.0,1.0,0.0,0.0,0.0,0.0
Sentinel,4.41,3.0,4.45,1.18,1.0,0.65,12.34,0.0,46.44
awesome-low-level-design,2.63,2.0,2.55,1.14,1.0,0.43,3.05,0.0,11.14
jdk,,,0.0,,,0.0,,,0.0
rocketmq,7.09,4.0,10.85,1.33,1.0,0.75,136.52,1.0,2871.88
DSA-Bootcamp-Java,1.27,1.0,1.24,1.08,1.0,0.34,3.5,1.0,11.01
ExoPlayer,7.59,5.0,8.95,1.3,1.0,1.02,52.22,0.0,493.14
eladmin,8.01,5.0,7.68,1.16,1.0,0.45,6.26,0.0,19.56
graal,,,0.0,,,0.0,,,0.0
GSYVideoPlayer,5.33,2.0,6.78,1.54,1.0,1.48,52.35,0.0,301.42
thingsboard,,,0.0,,,0.0,,,0.0
HikariCP,4.38,3.0,4.2,1.29,1.0,0.66,172.67,0.0,1408.66
shardingsphere,7.35,5.0,13.45,1.37,1.0,0.73,29.73,0.0,421.88
DoKit,4.51,2.0,5.76,1.32,1.0,0.84,71.77,0.0,634.4
mybatis-3,3.57,2.0,4.99,1.24,1.0,0.78,21.27,0.0,249.08
litemall,4.62,3.0,5.85,1.13,1.0,0.33,1532.88,1.0,9402.6
RxAndroid,2.27,1.0,3.79,1.13,1.0,0.43,3.09,0.0,11.23
SpringBoot-Labs,4.3,4.0,2.97,1.05,1.0,0.27,1.44,0.0,6.75
intellij-community,,,0.0,,,0.0,,,0.0
cat,5.53,4.0,6.05,1.43,1.0,0.71,23.04,1.0,104.21
ip2region,4.1,4.0,2.93,1.21,1.0,0.58,11.38,0.0,34.49
PhotoView,4.73,3.0,5.54,1.36,1.0,0.57,24.6,0.0,157.26
antlr4,5.77,3.0,7.23,1.84,1.0,1.17,48.3,0.0,192.86
yudao-cloud,8.16,6.0,7.53,1.21,1.0,0.43,13.45,0.0,433.9
Sa-Token,4.49,3.0,4.42,1.22,1.0,0.77,60.22,1.0,695.16
Algorithms,2.72,3.0,1.77,1.06,1.0,0.23,23.85,3.0,72.63
APIJSON,5.91,3.0,8.67,1.24,1.0,0.67,1169.33,5.5,5422.46
disruptor,4.48,3.0,4.82,1.29,1.0,0.81,25.88,0.0,224.7
SpringCloudLearning,4.55,4.0,2.37,1.05,1.0,0.22,0.55,0.0,1.86
tinker,4.79,3.0,7.11,1.6,1.0,2.51,28.47,0.0,110.99
caffeine,5.07,3.0,6.83,1.55,1.0,1.39,166.43,0.0,1805.69
analysis-ik,4.93,4.0,4.05,1.34,1.0,0.48,20.66,4.0,41.0
zipkin,,,0.0,,,0.0,,,0.0
JustAuth,5.51,2.0,6.03,1.34,1.0,0.58,12.98,6.0,19.53
mybatis-plus,5.91,4.0,9.47,1.33,1.0,0.79,25.06,0.0,151.5
tech-interview-for-developer,1.31,1.0,0.75,1.0,1.0,0.0,0.92,0.0,3.04
material-components-android,7.17,4.0,8.37,1.54,1.0,0.99,94.19,1.0,974.06
fresco,6.63,5.0,6.57,1.42,1.0,0.89,27.14,0.0,119.6
DataX,4.5,3.0,5.77,1.72,1.0,1.51,22.65,0.0,185.32
Android-Universal-Image-Loader,4.86,3.0,4.88,1.59,1.0,0.96,28.84,0.5,99.82
BigData-Notes,5.71,5.0,3.51,1.22,1.0,0.42,0.82,0.0,1.86
questdb,,,0.0,,,0.0,,,0.0
java8-tutorial,1.03,1.0,1.04,1.0,1.0,0.0,3.91,0.0,9.33
Grasscutter,,,0.0,,,0.0,,,0.0
zheng,4.53,3.0,5.72,1.41,1.0,0.49,340.86,0.0,1786.34
presto,8.82,6.0,12.37,1.39,1.0,0.96,85.2,1.0,1604.08
springboot-learning-example,4.61,3.5,3.87,1.04,1.0,0.24,2.85,0.0,6.03
neo4j,,,0.0,,,0.0,,,0.0
awesome-leetcode-resources,1.18,1.0,0.4,1.0,1.0,0.0,4.73,0.0,8.26
VirtualXposed,3.95,2.0,5.33,2.79,2.0,11.86,14.7,0.0,128.64
SpringBoot-Learning,4.45,4.0,2.98,1.03,1.0,0.18,1.45,0.0,7.19
Android-CleanArchitecture,5.14,4.0,4.67,1.43,1.0,0.71,6.72,1.0,23.22
quarkus,5.19,4.0,6.39,1.23,1.0,0.67,53.22,0.0,6213.17
hadoop,7.47,4.0,11.43,1.61,1.0,1.45,70.32,0.0,941.14
bytecode-viewer,4.74,3.0,6.32,2.05,1.0,1.84,13.69,0.0,59.06
mockito,3.45,2.0,4.55,1.4,1.0,1.08,18.99,0.0,277.91
pulsar,6.88,4.0,10.31,1.68,1.0,3.88,89.86,0.0,1466.39
doris,8.45,5.0,19.91,1.71,1.0,1.13,124.99,1.0,3025.55
jd-gui,4.54,3.0,5.43,2.42,1.0,2.34,11.12,1.0,51.07
flink-learning,4.38,3.0,4.45,1.14,1.0,0.38,3.02,0.0,17.52
supertokens-core,11.26,10.0,11.52,1.33,1.0,0.93,73.71,3.0,1245.97
zaproxy,4.75,3.0,6.04,1.91,1.0,1.81,70.92,1.0,358.62
cryptomator,8.41,6.0,8.14,1.42,1.0,0.96,19.62,1.0,69.04
logstash,5.41,4.0,5.9,1.62,1.0,2.12,21.57,1.0,106.04
onedev,5.85,4.0,8.95,1.4,1.0,0.83,26.85,0.0,521.81
vert.x,6.68,4.0,9.31,1.64,1.0,1.29,157.22,1.0,1612.87
Arduino,4.13,2.0,6.05,1.77,1.0,1.92,32.72,0.0,208.26
CircleImageView,11.0,5.0,13.08,2.33,2.0,0.58,178.67,0.0,309.46
QMUI_Android,5.47,3.0,6.56,1.63,1.0,1.34,35.34,0.0,197.9
ARouter,3.69,2.0,4.91,1.41,1.0,0.78,17.45,0.0,83.33
jib,7.06,5.0,7.5,1.22,1.0,0.65,17.12,0.0,73.25
languagetool,5.4,4.0,6.29,1.59,1.0,0.99,55.66,1.0,405.0
deeplearning4j,8.4,7.0,9.52,2.19,2.0,19.3,54025.11,7.0,2351679.65
dolphinscheduler,6.57,5.0,6.42,1.37,1.0,0.68,9.9,0.0,49.54
kkFileView,6.76,5.0,5.98,1.08,1.0,0.33,321.85,0.0,2930.63
zuul,6.56,4.0,7.78,1.61,1.0,1.01,25.0,1.0,138.63
mit-deep-learning-book-pdf,0.0,0.0,0.0,1.0,1.0,0.0,0.0,0.0,0.0
xpipe,7.23,5.0,7.05,1.64,1.0,1.34,19.93,1.0,177.41
piggymetrics,6.04,5.0,4.34,1.06,1.0,0.24,3.83,0.0,10.08
logger,5.83,6.0,3.05,1.17,1.0,0.38,14.94,0.0,35.59
pinpoint,5.25,4.0,5.82,1.14,1.0,0.49,11.74,0.0,89.49
Material-Animations,4.4,2.0,4.06,1.47,1.0,0.76,4.76,0.0,16.11
spring-analysis,2.42,2.0,2.65,1.24,1.0,0.75,1.79,0.0,3.19
AndroidAutoSize,5.41,4.0,4.24,1.41,1.0,0.5,31.29,1.0,136.3
PictureSelector,5.16,2.0,8.66,1.24,1.0,0.67,49.45,0.0,372.19
tink,7.67,5.0,7.43,1.29,1.0,1.24,30.08,1.0,184.05
Android-PickerView,3.73,2.0,5.06,1.15,1.0,0.36,15.49,0.0,90.56
lombok,,,0.0,,,0.0,,,0.0
mall-learning,4.97,3.0,4.52,1.1,1.0,0.31,229.51,0.0,1250.42
dex2jar,5.43,3.0,6.85,1.57,1.0,0.98,21.13,0.0,136.51
metersphere,6.68,3.0,11.38,1.3,1.0,0.55,446.24,0.0,3759.16
banner,6.08,5.0,6.16,1.84,2.0,0.69,47.68,1.0,350.9
COLA,4.33,3.0,4.52,1.33,1.0,0.71,4.97,0.0,18.32
mall-swarm,3.79,3.0,4.73,1.23,1.0,0.43,1106.23,13.0,8134.41
plantuml,7.18,5.0,7.46,1.52,1.0,0.87,36.3,1.0,607.37
spring-boot-admin,7.75,6.0,6.13,1.29,1.0,0.68,7.26,0.0,27.79
zookeeper,5.69,3.0,7.08,1.99,1.0,3.01,37.09,0.0,388.85
guice,3.8,2.0,5.41,1.3,1.0,1.25,8.46,0.0,77.87
GmsCore,6.04,5.0,4.96,1.72,2.0,0.88,13.88,0.0,67.08
stetho,4.38,3.0,5.37,1.42,1.0,1.25,7.5,0.0,31.25
eureka,5.86,4.0,6.44,1.27,1.0,0.7,18.61,0.0,134.19
trino,,,0.0,,,0.0,,,0.0
OpenSearch,7.46,5.0,9.97,1.72,1.0,1.49,39.7,1.0,454.96
greenDAO,5.02,4.0,4.69,2.1,1.0,1.72,47.45,1.0,241.28
Matisse,6.66,5.0,7.38,1.39,1.0,0.63,8.08,0.0,16.14
debezium,6.83,4.0,7.54,1.61,1.0,1.02,60.26,1.0,564.58
AndroidViewAnimations,3.38,2.0,7.03,1.8,2.0,0.4,2.29,0.0,12.89
lawnchair,10.78,5.0,15.54,1.55,1.0,1.11,193.35,1.0,2251.65
Mybatis-PageHelper,5.82,6.0,4.89,1.46,1.0,0.86,29.39,0.0,189.82
AndroidSwipeLayout,3.72,2.0,4.94,1.32,1.0,0.6,58.91,0.0,480.28
jedis,5.71,3.0,8.66,1.42,1.0,0.97,460.81,1.0,13684.39
android-interview-questions,0.0,0.0,0.0,1.0,1.0,0.0,0.0,0.0,0.0
xManager,2.02,2.0,2.6,1.02,1.0,0.24,4.73,0.0,69.9
Aegis,7.43,5.0,9.53,1.71,1.0,1.03,22.87,1.0,143.47
uCrop,6.34,3.0,8.66,1.36,1.0,0.84,28.91,1.0,81.55
Paper,6.96,5.0,12.19,1.68,1.0,1.3,102.1,1.0,1611.02
grpc-java,5.65,3.0,8.02,1.42,1.0,1.07,14.21,0.0,129.58
matrix,5.68,3.0,7.13,1.34,1.0,1.01,12.89,0.0,65.67
kafka-ui,7.24,5.0,7.31,1.51,1.0,1.07,17.13,1.0,86.13
VasSonic,4.2,2.0,4.9,1.28,1.0,0.59,21.61,0.0,96.04
OpenRefine,6.7,5.0,6.59,1.69,1.0,0.9,13.15,1.0,59.22
datahub,11.32,9.0,12.88,1.21,1.0,0.58,21.87,1.0,110.55
fullstack-tutorial,,,0.0,,,0.0,,,0.0
webmagic,4.53,4.0,3.87,1.18,1.0,0.59,11.47,1.0,76.64
joyagent-jdgenie,4.98,4.0,5.65,1.12,1.0,0.45,4.73,0.0,17.51
newbee-mall,5.03,2.0,6.25,1.07,1.0,0.45,34.91,4.0,68.18
starrocks,7.21,3.0,16.56,1.47,1.0,1.04,134.55,0.0,3434.34
realm-java,4.29,2.0,6.75,1.21,1.0,0.72,51.75,0.0,656.66
CtCI-6th-Edition,2.13,2.0,1.57,1.07,1.0,0.33,4.48,1.0,16.7
ImmersionBar,6.35,5.0,7.11,2.11,2.0,1.0,159.25,3.0,1752.52
jsoup,6.12,4.0,7.19,1.77,1.0,3.07,229.36,1.0,1827.94
spider-flow,5.39,4.0,5.17,1.73,1.0,3.4,20.33,1.0,49.79
langchain4j,6.22,4.0,6.97,1.21,1.0,0.62,20.64,1.0,93.79
interview,2.01,2.0,1.22,1.04,1.0,0.31,3.41,1.0,13.56
cas,10.23,9.0,7.43,1.49,1.0,1.02,7.8,0.0,146.44
PermissionsDispatcher,1.62,0.0,3.28,1.23,1.0,0.53,34.38,3.0,327.19
SmarterStreaming,3.85,2.0,7.19,1.05,1.0,0.22,71.55,0.0,506.26
FileDownloader,4.53,2.0,5.45,1.69,1.0,2.5,42.01,1.0,232.45
FlycoTabLayout,6.45,3.0,8.87,1.55,1.0,0.71,223.09,1.0,720.45
pkl,6.4,5.0,8.16,4.32,3.0,15.31,29.86,0.0,223.78
jjwt,5.62,4.0,6.83,1.99,1.0,2.38,25.83,1.0,142.15
SlidingMenu,5.12,3.0,5.57,1.96,1.0,1.59,47.45,0.0,228.99
androidannotations,5.96,4.0,6.42,1.68,1.0,0.9,26.1,1.0,213.18
VirtualApp,3.94,2.0,5.28,2.59,2.0,11.27,15.61,0.0,114.81
javapoet,4.52,2.0,5.92,1.15,1.0,0.61,129.29,0.0,749.24
clojure,3.6,0.0,7.87,1.5,1.0,2.34,130.21,0.0,1974.74
platform_frameworks_base,,,0.0,,,0.0,,,0.0
Java-WebSocket,3.59,2.0,4.16,1.82,1.0,1.35,37.06,6.0,184.23
vlayout,5.31,3.0,6.71,1.86,1.0,1.49,72.54,0.0,368.43
astron-agent,6.18,4.0,8.97,1.06,1.0,0.28,24.56,0.0,294.03
zfile,7.09,4.0,8.14,1.48,1.0,1.09,9.8,0.0,47.44
android-async-http,5.66,4.0,6.15,1.79,1.0,1.08,45.88,3.0,293.7
resilience4j,7.18,6.0,6.39,1.45,1.0,0.99,17.66,1.0,97.05
okhttp-OkGo,5.65,5.0,5.14,1.62,1.0,1.08,19.45,0.0,124.5
auto,4.12,3.0,8.62,1.71,1.0,3.25,25.94,1.0,270.65
Activiti,5.81,4.0,8.62,1.52,1.0,0.88,89.48,1.0,1567.78
JiaoZiVideoPlayer,7.28,6.0,6.45,2.12,2.0,0.98,56.64,4.0,213.18
Signal-Server,9.31,5.0,13.72,1.48,1.0,0.96,15.81,0.0,104.83
RxPermissions,4.65,2.0,5.67,1.1,1.0,0.31,10.1,0.0,33.52
aws-doc-sdk-examples,7.11,5.0,6.53,1.04,1.0,0.31,6.36,1.0,24.59
sonarqube,7.27,5.0,8.85,1.16,1.0,0.5,27.69,0.0,202.98
MVPArms,6.64,5.0,5.94,1.28,1.0,0.57,32.1,3.0,147.02
GoGoGo,7.71,4.0,13.43,1.46,1.0,0.71,12.88,1.0,46.1
ViewPagerIndicator,6.02,6.0,5.23,2.71,3.0,1.25,29.27,0.0,127.34
CoreNLP,5.92,4.0,7.92,1.65,1.0,2.48,148.58,0.0,1831.55
JsBridge,3.5,1.5,5.0,1.16,1.0,0.37,17.09,0.0,51.74
spring-reading,2.81,3.0,2.18,1.03,1.0,0.16,0.54,0.0,3.2
glide-transformations,5.56,5.0,3.36,2.15,2.0,0.77,2.78,0.0,4.53
easypermissions,8.94,8.0,5.8,1.48,1.0,0.62,12.21,6.0,21.77
paascloud-master,6.1,4.0,6.05,1.32,1.0,0.54,5.46,0.0,25.62
MagicIndicator,5.0,4.0,4.54,1.34,1.0,0.57,26.94,3.0,79.46
feign,5.09,3.0,6.22,1.67,1.0,3.16,14.29,0.0,90.04
AVLoadingIndicatorView,3.57,2.0,2.36,1.78,1.0,1.05,6.75,0.0,42.84
spring-boot-api-project-seed,5.0,4.0,4.68,1.27,1.0,0.8,9.73,0.0,18.67
spinnaker,6.62,5.0,6.88,1.51,1.0,1.1,14.1,0.0,213.53
Fragmentation,5.23,3.0,5.16,1.71,1.0,1.1,15.12,0.0,102.27
cassandra,6.89,5.0,8.07,1.77,1.0,1.87,60.63,1.0,1456.08
spark,4.54,3.0,4.73,1.3,1.0,0.78,47.12,0.0,408.47
android-gif-drawable,6.12,4.0,6.36,1.66,1.0,1.29,59.73,0.0,286.66
react-native-camera,,,0.0,,,0.0,,,0.0
opendataloader-pdf,7.45,5.0,7.02,1.19,1.0,0.41,52.08,1.0,221.94
automq,7.22,4.0,12.08,1.4,1.0,1.04,45.89,0.0,594.88
Android-ObservableScrollView,5.01,3.0,4.61,1.97,2.0,1.17,7.57,0.0,30.68
flyway,5.93,4.0,5.79,1.5,1.0,0.94,51.2,1.0,597.71
DanmakuFlameMaster,5.16,3.0,6.12,1.61,1.0,1.37,47.51,1.0,158.94
EhViewer,7.14,4.0,10.2,1.82,1.0,1.51,45.26,1.0,450.45
Mycat-Server,4.9,3.0,6.21,1.29,1.0,0.72,78.49,0.0,882.93
android-Ultra-Pull-To-Refresh,4.06,2.0,4.39,1.42,1.0,0.75,19.14,0.0,138.96
cim,4.83,4.0,4.82,1.28,1.0,0.74,8.01,0.0,31.29
AndroidSlidingUpPanel,4.94,2.0,6.64,1.35,1.0,0.79,132.0,0.0,373.94
spring-security,7.71,5.0,8.47,1.26,1.0,0.74,10.49,0.0,50.47
AgentWeb,5.4,3.0,7.35,1.49,1.0,1.0,18.79,0.0,99.16
JsonPath,4.59,3.0,4.97,1.48,1.0,1.07,29.39,0.0,121.22
PocketHub,6.58,5.0,5.34,1.48,1.0,0.76,9.04,0.0,35.25
CalendarView,6.57,4.0,7.12,2.16,1.0,1.49,53.18,3.0,390.13
AndroidNote,4.88,1.0,5.99,1.38,1.0,0.52,8.12,3.0,12.74
testing-samples,5.5,5.5,3.55,1.35,1.0,0.53,3.15,0.0,6.81
jmeter,5.53,4.0,6.03,2.0,2.0,1.5,62.19,3.0,381.8
seatunnel,6.86,5.0,7.19,1.36,1.0,0.7,32.03,1.0,392.17
android-gpuimage,2.96,2.0,3.75,2.16,2.0,1.19,11.3,0.0,54.18
flowable-engine,6.55,4.0,9.46,1.62,1.0,0.96,151.18,1.0,2964.17
VirtualAPK,4.9,3.0,6.17,1.61,1.0,1.43,17.58,1.0,66.28
HMCL,6.88,4.0,8.34,1.72,1.0,1.54,35.21,1.0,333.58
spring-ai-alibaba,6.23,4.0,6.86,1.21,1.0,0.62,13.64,1.0,63.06
Jetpack-MVVM-Best-Practice,4.84,3.0,5.08,1.62,1.0,1.07,12.0,0.0,68.97
MaterialDesignLibrary,4.54,3.0,4.49,1.82,1.0,1.23,6.76,0.0,18.9
Android_Data,2.0,2.0,2.83,1.0,1.0,0.0,3.0,3.0,4.24
LSPatch,4.34,2.0,5.9,1.35,1.0,0.86,23.88,0.0,186.88
jna,4.86,3.0,6.6,2.53,2.0,4.96,44.59,0.0,513.41
checkstyle,,,0.0,,,0.0,,,0.0
ysoserial,5.46,3.0,5.66,1.34,1.0,0.67,8.89,1.0,57.46
karate,5.64,4.0,6.11,1.2,1.0,0.6,149.75,3.0,490.57
PojavLauncher,6.23,3.0,8.19,1.41,1.0,0.69,124.73,1.0,1599.12
storm,4.43,3.0,5.15,1.29,1.0,0.93,33.07,1.0,133.14
shenyu,5.99,4.0,6.02,1.23,1.0,0.58,18.16,1.0,67.27
StatusBarUtil,4.15,3.0,3.53,1.55,1.0,0.83,22.55,0.0,124.49
baritone,6.7,4.0,8.28,1.39,1.0,0.81,22.17,1.0,128.19
awesome-java-leetcode,1.68,2.0,0.55,1.0,1.0,0.0,1.17,1.0,0.69
iceberg,8.63,6.0,8.46,1.69,1.0,1.69,37.13,1.0,178.2
Android-PullToRefresh,6.02,4.5,5.85,2.11,2.0,1.36,55.84,1.0,370.86
Android-SpinKit,4.82,5.0,3.53,3.17,2.0,2.47,21.52,1.0,134.57
Android-Debug-Database,4.15,4.0,3.8,1.28,1.0,0.52,8.8,0.0,22.8
react-native-image-picker,6.18,4.0,6.43,1.55,2.0,0.52,66.18,1.0,211.24
AndResGuard,3.53,2.0,4.56,1.5,1.0,0.86,22.38,1.5,44.34
testcontainers-java,5.32,4.0,4.79,1.48,1.0,0.84,21.76,1.0,163.43
dropwizard,5.96,4.0,5.9,1.52,1.0,1.0,18.82,0.0,214.63
epoxy,7.18,5.0,6.33,1.81,2.0,1.07,138.32,1.0,319.75
buck,,,0.0,,,0.0,,,0.0
tsunami-security-scanner,6.23,5.0,6.11,1.53,1.0,0.94,15.12,1.0,53.54
junit4,3.87,3.0,4.19,1.46,1.0,1.05,12.96,0.0,130.54
Calligraphy,5.72,5.0,5.06,1.44,1.0,0.58,11.36,3.0,26.94
aeron,8.02,4.0,10.23,1.3,1.0,0.92,119.11,0.0,1333.82
beam,7.48,5.0,8.21,1.53,1.0,1.38,20.46,0.0,175.74
im-server,6.45,3.0,8.34,1.54,1.0,2.5,112.18,1.0,466.2
AndroidPdfViewer,4.86,1.0,8.11,1.25,1.0,0.61,76.77,0.0,440.47
hsweb-framework,6.17,4.0,6.18,1.35,1.0,1.1,11.53,0.0,41.12
BottomBar,4.91,2.0,6.83,1.29,1.0,0.63,61.67,0.0,332.03
pentaho-kettle,6.05,2.0,9.24,1.28,1.0,0.62,81.92,0.0,1226.45
spring-ai,6.99,5.0,7.67,1.21,1.0,0.92,28.2,1.0,355.29
javacv,6.13,4.0,6.77,2.13,1.0,1.92,134.85,1.0,709.53
transmittable-thread-local,5.59,5.0,3.73,1.43,1.0,1.09,12.35,1.0,38.26
UltimateAndroidReference,1.0,1.0,0.0,1.0,1.0,0.0,0.0,0.0,0.0
shardingsphere-elasticjob,5.46,4.0,5.08,1.15,1.0,0.5,3.19,0.0,12.57
LeetCode-Book,1.29,1.0,0.92,1.0,1.0,0.05,0.07,0.0,0.48
atlas,5.64,4.0,6.72,1.44,1.0,0.92,29.88,1.0,157.49
otter,4.61,3.0,5.38,1.37,1.0,0.75,32.45,1.0,252.54
tomcat,4.54,3.0,5.88,1.82,1.0,1.66,182.43,0.0,4458.61
MaterialViewPager,4.55,3.0,4.84,1.3,1.0,0.55,9.39,0.0,26.48
LitePal,5.01,3.0,5.16,1.65,1.0,0.96,49.45,0.0,248.87
GhidraMCP,16.33,4.0,24.91,1.67,2.0,0.58,459.0,3.0,792.41
XPopup,4.7,3.0,6.32,1.58,1.0,1.13,22.9,0.0,135.88
subsampling-scale-image-view,5.62,3.5,6.62,1.58,1.0,0.88,79.72,0.0,641.02
1brc,3.17,3.0,2.48,1.09,1.0,0.38,7.58,1.0,23.53
graylog2-server,8.22,6.0,9.07,1.33,1.0,0.71,18.33,1.0,103.23
SimianArmy,5.85,4.0,7.31,1.42,1.0,0.77,25.16,3.0,112.01
hugo,5.71,7.0,4.23,1.14,1.0,0.38,27.71,6.0,43.52
jimureport,6.17,5.0,4.06,1.0,1.0,0.0,2.5,1.0,4.08
metrics,5.53,4.0,4.64,1.37,1.0,0.81,9.14,0.0,38.2
CompreFace,7.85,6.0,7.33,1.66,1.0,1.33,3.89,0.0,16.05
HomeMirror,2.73,2.0,4.94,1.08,1.0,0.27,5.35,0.0,35.4
hellocharts-android,6.31,3.0,6.49,1.52,1.0,0.83,40.29,1.0,150.07
material-theme-jetbrains,4.33,3.0,4.94,2.25,2.0,1.45,84.42,1.0,634.42
AntennaPod,7.55,5.0,9.09,1.49,1.0,0.79,20.85,1.0,102.21
Shadow,4.25,3.0,4.12,1.78,1.0,1.06,17.33,0.0,94.8
PowerJob,5.75,4.0,6.22,1.18,1.0,0.55,5.14,0.0,27.94
MVVMHabit,3.58,2.0,3.83,1.27,1.0,0.65,15.76,0.0,74.06
AppManager,7.93,5.0,9.15,1.47,1.0,0.75,73.87,1.0,1034.31
RxLifecycle,6.43,6.0,6.16,1.65,1.0,1.14,1.41,0.0,4.06
vjtools,3.13,2.0,3.47,1.28,1.0,0.76,26.3,1.0,106.81
mapstruct,3.83,2.0,4.9,1.17,1.0,0.6,11.19,0.0,73.66
TV,6.88,4.0,8.89,1.42,1.0,0.7,107.15,1.0,693.13
MyBookshelf,6.34,4.0,7.74,1.47,1.0,0.88,58.66,1.0,338.61
android-classyshark,3.17,2.0,3.57,1.28,1.0,0.93,10.25,1.0,27.57
MinecraftForge,7.42,6.0,10.28,1.57,1.0,1.29,32.69,1.0,368.69
AndroidAsync,3.61,2.0,5.02,1.53,1.0,1.75,19.44,0.0,84.11
RxJava-Android-Samples,6.63,3.0,7.15,1.83,1.0,0.96,9.2,3.0,25.35
algs4,4.0,4.0,2.51,1.02,1.0,0.17,47.47,0.0,263.52
swagger-core,4.68,3.0,6.79,1.23,1.0,0.63,49.77,0.0,735.33
gnirehtet,3.77,2.0,3.6,1.19,1.0,0.53,14.3,1.0,35.25
LeetCode,1.24,1.0,0.67,1.0,1.0,0.0,0.84,0.0,2.33
DependencyCheck,6.94,5.0,7.53,1.83,2.0,0.99,63.96,3.0,349.98
enso,6.44,5.0,6.71,1.68,1.0,1.34,36.55,1.0,351.0
VBlog,4.55,4.0,3.62,1.03,1.0,0.19,29.07,1.0,92.84
SpringCloud-Learning,5.88,4.0,5.84,1.04,1.0,0.26,28.73,1.0,87.78
Mapper,5.09,4.0,4.64,1.24,1.0,0.53,36.24,0.0,176.56
gocd,7.5,5.0,9.15,1.28,1.0,0.75,34.5,1.0,319.9
astron-rpa,5.62,3.0,8.85,1.14,1.0,0.43,38.2,0.0,231.91
RePlugin,5.2,3.0,6.26,1.42,1.0,0.68,32.02,0.0,182.82
ShortcutBadger,5.29,5.0,4.59,1.16,1.0,0.45,3.48,1.0,7.53
dagger,3.17,3.0,2.95,1.23,1.0,0.72,5.99,0.0,45.36
Android-Bootstrap,6.96,3.0,8.32,1.67,1.0,0.86,31.39,2.0,77.89
WeChatLuckyMoney,5.38,3.0,5.12,1.38,1.0,0.5,8.81,1.0,18.42
xmall,4.31,3.0,5.41,1.16,1.0,0.42,632.83,13.0,2870.93
TakePhoto,5.05,2.0,5.81,1.25,1.0,0.55,10.89,1.0,22.58
sweet-alert-dialog,4.38,1.5,5.54,1.25,1.0,0.45,31.06,0.0,88.95
nanohttpd,4.34,3.0,4.36,1.79,1.0,1.56,22.16,1.0,88.27
UltimateRecyclerView,5.21,3.0,6.05,1.69,1.0,1.08,41.39,0.0,268.32
wiremock,5.98,4.0,6.99,1.42,1.0,1.11,69.92,1.0,798.61
KnowStreaming,7.2,4.0,8.05,1.82,1.0,1.09,10.32,0.0,44.61
alluxio,6.91,5.0,8.37,1.48,1.0,1.49,30.66,1.0,238.17
error-prone,7.96,5.0,14.12,1.55,1.0,1.11,27.24,0.0,344.88
hertzbeat,7.12,5.0,6.85,1.25,1.0,1.37,13.03,0.0,57.96
agera,6.33,4.0,6.69,1.24,1.0,0.54,14.84,0.0,106.49
rest-assured,5.17,4.0,5.86,1.21,1.0,0.52,105.87,1.0,577.89
JavaTutorial,0.33,0.0,0.58,1.0,1.0,0.0,0.33,0.0,0.58
traccar,5.62,4.0,4.58,1.92,2.0,0.82,6.0,0.0,48.27
SmartTabLayout,6.36,4.0,5.78,1.64,1.0,0.98,9.71,1.0,27.89
ActionBarSherlock,6.28,4.0,7.11,1.95,1.0,1.57,63.4,0.0,264.28
java-eight-part,,,0.0,,,0.0,,,0.0
Recaf,8.44,6.0,8.93,1.58,1.0,0.98,27.3,1.0,171.35
Timber,5.4,3.0,6.68,1.46,1.0,0.82,19.75,0.0,171.85
netty-socketio,4.82,3.0,6.53,1.26,1.0,0.55,32.1,0.0,250.07
elasticsearch-sql,9.58,6.0,19.72,2.08,1.0,1.5,189.52,1.0,1270.18
junit-framework,4.72,3.0,5.52,1.3,1.0,0.97,35.71,0.0,734.46
DroidPlugin,3.3,2.0,5.19,4.39,3.0,8.04,3.7,0.0,23.33
jvm-sandbox,3.48,2.0,4.4,1.33,1.0,0.83,12.36,0.0,57.6
logisim-evolution,6.05,4.0,6.43,2.42,2.0,2.53,29.12,1.0,126.62
springcloud-learning,4.88,3.0,5.01,1.02,1.0,0.15,85.88,0.0,846.65
rabbitmq-tutorials,4.59,4.0,2.66,1.0,1.0,0.0,2.2,1.0,4.03
BookReader,4.8,2.0,6.57,1.44,1.0,0.81,25.32,0.0,161.86
walle,3.15,2.0,4.08,1.19,1.0,0.72,8.69,0.5,23.49
AndroidProject,7.93,5.0,8.6,2.26,1.0,1.75,19.85,1.0,57.86
okhttputils,3.73,2.5,4.05,1.46,1.0,0.65,6.2,0.0,16.78
vespa,6.09,4.0,7.38,1.62,1.0,1.53,40.35,1.0,324.25
haven,6.82,4.0,7.33,1.39,1.0,0.59,11.77,1.0,39.76
react-native-push-notification,6.31,4.0,6.88,1.24,1.0,0.44,15.48,0.0,50.25
byte-buddy,6.13,4.0,8.06,1.63,1.0,2.01,15.21,0.0,291.29
angel,7.43,5.0,9.98,1.75,2.0,0.88,63.43,0.0,598.97
itstack-demo-design,2.17,2.0,2.28,1.11,1.0,0.32,5.33,0.0,12.48
springBoot,5.09,4.0,4.43,1.15,1.0,0.41,15.5,0.0,70.73
AndroidPicker,5.44,3.0,6.87,1.64,1.0,1.26,51.72,0.0,331.96
Pixiv-Shaft,4.88,3.0,6.04,1.44,1.0,1.11,25.52,0.0,272.5
Leaf,3.48,1.5,4.25,1.42,1.0,1.03,11.25,0.0,35.06
wvp-GB28181-pro,8.27,5.0,10.2,1.29,1.0,0.53,34.1,0.0,175.28
AndroidPerformanceMonitor,4.07,3.0,3.94,1.28,1.0,0.53,14.07,0.0,37.25
mybatis-generator-gui,7.18,5.0,7.81,1.49,1.0,0.68,69.95,3.0,255.11
XXPermissions,7.42,5.0,7.17,1.67,1.0,0.95,105.3,1.0,973.22
quartz,5.58,3.0,6.4,1.45,1.0,0.85,124.58,1.0,820.19
AndroidAutoLayout,5.83,5.0,4.65,2.0,2.0,0.7,8.81,8.0,16.37
Suwayomi-Server,5.55,2.0,10.41,1.62,1.0,1.47,1495.52,1.0,21598.42
jOOQ,9.81,7.0,18.03,1.82,1.0,3.08,1679.73,3.0,43347.52
AndPermission,3.99,3.0,3.67,1.17,1.0,0.37,7.49,0.0,35.26
smali,6.02,4.0,8.34,1.67,1.0,1.25,15.02,1.0,85.7
zeppelin,5.76,3.0,7.31,1.26,1.0,0.66,43.4,1.0,344.01
hazelcast,7.92,5.0,15.75,1.76,1.0,4.74,44.89,1.0,437.88
pig,6.96,5.0,6.46,1.31,1.0,0.58,5.3,0.0,53.41
Toasty,4.06,3.0,4.19,1.06,1.0,0.25,56.62,0.0,213.87
ansj_seg,6.32,4.0,5.86,1.19,1.0,0.44,9.58,0.0,42.67
Android-skin-support,6.08,5.0,5.04,1.39,1.0,0.73,17.67,1.0,68.42
processing,3.73,2.0,5.99,1.64,1.0,2.0,507.76,0.0,7175.11
QR-Code-generator,3.95,3.0,3.66,1.42,1.0,1.26,19.58,1.0,26.29
hibernate-orm,6.92,5.0,9.18,1.34,1.0,0.94,75.03,1.0,2192.71
Android-Image-Cropper,7.72,4.0,9.42,1.38,1.0,0.54,70.38,0.0,236.73
Spring-Cloud-Platform,4.89,3.0,5.22,1.41,1.0,0.83,57.65,0.0,211.24
so-novel,5.86,4.5,5.28,1.18,1.0,0.47,3.11,0.0,6.52
RoundedImageView,8.4,9.0,6.43,1.8,2.0,0.77,107.47,0.0,273.83
jetlinks-community,8.8,6.0,8.64,1.28,1.0,0.59,11.85,1.0,42.64
IJPay,5.59,5.0,10.49,1.37,1.0,0.58,139.4,0.0,1332.61
gephi,4.62,3.0,5.11,1.67,1.0,1.66,29.46,1.0,173.96
async-http-client,6.07,4.0,6.94,1.49,1.0,0.83,49.42,1.0,294.55
micronaut-core,5.7,4.0,7.15,1.31,1.0,0.91,35.93,0.0,411.05
flink-cdc,8.43,5.0,9.35,1.45,1.0,0.88,28.52,1.0,115.44
remusic,5.19,3.0,6.43,1.45,1.0,0.81,41.65,0.0,345.67
graphhopper,6.77,4.0,8.67,1.26,1.0,0.69,31.73,0.0,163.04
jsonschema2pojo,6.64,5.0,5.89,1.16,1.0,0.5,46.54,0.0,268.42
smile,,,0.0,,,0.0,,,0.0
mini-spring,3.42,2.0,3.56,1.22,1.0,0.66,5.09,0.0,20.42
richeditor-android,2.42,2.0,2.6,1.14,1.0,0.41,46.95,0.0,305.87
JFoenix,6.92,4.0,6.94,1.62,1.0,0.96,22.08,1.0,88.53
from-java-to-kotlin,0.5,0.5,0.71,1.0,1.0,0.0,0.0,0.0,0.0
iotdb,8.35,6.0,14.71,1.61,1.0,1.03,111.48,1.0,2766.08
config,5.48,3.0,7.16,2.06,1.0,4.37,76.24,0.0,399.34
ion,4.58,3.0,6.13,1.46,1.0,1.46,23.6,0.0,205.83
graphql-java,8.34,5.0,10.78,1.37,1.0,0.94,36.37,1.0,206.1
incubator-kie-drools,6.57,4.0,8.96,1.62,1.0,1.32,65.08,1.0,699.37
spring-cloud-examples,3.83,4.0,1.08,1.02,1.0,0.13,0.47,0.0,2.1
java-jwt,5.66,3.5,5.48,1.63,1.0,1.32,142.74,1.0,531.45
grafika,6.41,5.0,6.28,1.75,2.0,0.86,6.89,0.0,16.89
camel,4.85,3.0,8.11,1.63,1.0,2.39,80.59,1.0,2245.43
useful-java-links,2.3,2.0,2.49,1.02,1.0,0.15,1.83,0.0,6.86
SoloPi,4.62,2.0,6.67,1.21,1.0,0.65,13.14,0.0,70.34
get_jobs,5.22,2.0,6.72,1.0,1.0,0.0,33.32,0.0,146.08
SpringBootVulExploit,3.43,3.0,2.95,1.0,1.0,0.0,3.57,0.0,7.45
vavr,,,0.0,,,0.0,,,0.0
kafdrop,5.54,3.0,7.56,1.32,1.0,0.85,28.19,0.0,130.29
hudi,9.28,6.0,10.37,1.57,1.0,1.05,66.2,1.0,1023.03
SwipeBackLayout,5.22,3.0,6.04,1.39,1.0,0.7,61.33,3.0,163.94
MaterialEditText,5.65,2.0,10.59,1.31,1.0,0.47,742.85,0.0,2092.8
google-java-format,6.3,4.0,11.04,1.46,1.0,0.88,91.25,1.0,497.4
NumberProgressBar,3.17,0.5,4.92,1.33,1.0,0.52,91.83,0.0,222.02
javaparser,8.77,5.0,17.07,1.94,1.0,2.28,283.86,1.0,6014.39
pinot,7.4,5.0,8.45,1.52,1.0,1.3,57.44,1.0,490.09
j2objc,,,0.0,,,0.0,,,0.0
austin,6.27,5.0,5.08,1.12,1.0,0.38,1.45,0.0,5.12
dynamic-load-apk,5.81,3.0,6.25,1.45,1.0,0.8,9.42,0.0,30.01
nifi,7.41,4.0,11.21,1.48,1.0,0.86,60.11,1.0,1168.84
hive,6.9,4.0,12.66,1.41,1.0,1.16,92.74,1.0,2844.84
EffectiveAndroidUI,4.44,3.0,4.65,1.34,1.0,0.63,11.62,1.0,27.73
jeepay,8.85,7.0,7.5,1.78,2.0,0.86,4.29,0.0,28.89
robolectric,5.94,4.0,6.72,1.35,1.0,1.18,72.01,0.0,628.08
hippo4j,4.58,3.0,4.89,1.2,1.0,0.58,5.93,0.0,25.18
datax-web,5.04,3.0,5.42,1.39,1.0,0.68,13.24,0.0,64.06
btrace,4.74,4.0,5.37,1.33,1.0,0.87,79.95,0.0,1315.61
physical-web,4.79,3.0,5.57,1.29,1.0,0.56,26.71,0.0,209.18
shattered-pixel-dungeon,6.34,4.0,9.24,2.85,2.0,2.91,13.83,1.0,99.21
material,6.51,3.0,7.98,1.65,1.0,1.19,54.5,1.0,190.82
api-samples,6.4,7.0,4.41,1.0,1.0,0.0,4.38,0.0,9.85
xUtils3,5.22,3.0,5.36,1.41,1.0,0.88,27.45,2.0,102.75
ssm,4.16,2.0,5.36,1.68,1.0,1.11,2.05,1.0,3.26
springfox,5.7,3.0,7.65,1.12,1.0,0.4,23.25,0.0,151.29
JSqlParser,6.2,4.0,13.46,1.56,1.0,1.04,507.63,1.0,8154.85
zxing-android-embedded,5.44,4.0,5.69,1.36,1.0,0.68,21.92,1.0,88.32
material-calendarview,6.45,4.0,7.56,1.53,1.0,0.73,69.01,0.0,531.32
androidmvp,3.29,2.0,3.77,1.29,1.0,0.47,3.0,0.0,4.64
motan,5.94,4.0,5.75,1.43,1.0,0.82,32.72,1.0,155.31
tvapk,,,0.0,,,0.0,,,0.0
fesod,6.09,5.0,5.79,1.37,1.0,0.8,30.27,1.0,339.98
Fast-Android-Networking,3.22,2.0,4.6,1.25,1.0,1.13,13.77,1.0,100.48
blade,4.62,3.0,5.95,1.23,1.0,0.77,42.16,0.0,185.47
DiskLruCache,3.25,2.5,2.99,1.33,1.0,0.78,11.0,3.0,25.59
MifareClassicTool,11.12,9.0,10.39,2.27,3.0,0.91,110.0,3.0,400.53
lanproxy,4.24,3.0,3.89,1.19,1.0,0.5,8.21,0.0,27.17
PeerBanHelper,6.45,4.0,7.9,1.31,1.0,0.68,16.0,0.0,61.05
linuxdeploy,7.16,5.0,7.45,1.65,2.0,0.48,35.89,3.0,119.33
BoomMenu,5.63,4.0,6.75,1.57,1.0,0.85,227.67,0.0,2078.29
DiscreteScrollView,4.23,2.0,4.82,1.25,1.0,0.46,19.11,0.0,101.52
tcc-transaction,5.25,3.0,5.64,1.31,1.0,0.8,29.74,1.0,99.77
Discovery,4.78,4.0,5.03,1.27,1.0,0.6,18.8,1.0,111.9
circular-progress-button,3.97,2.0,4.37,1.28,1.0,0.51,25.33,0.0,131.91
strimzi-kafka-operator,10.97,7.0,13.03,1.49,1.0,0.88,45.36,1.0,279.22
sensitive-word,3.05,2.0,3.59,1.17,1.0,0.48,20.87,0.0,152.87
janusgraph,7.02,4.0,10.05,1.44,1.0,0.84,43.95,1.0,663.48
FastHub,8.07,5.0,7.86,1.44,1.0,0.68,34.76,1.0,131.6
lamp-cloud,7.77,7.0,6.08,1.27,1.0,0.46,6.89,0.0,34.68
MusicBot,6.74,5.0,6.91,2.51,3.0,1.85,10.59,1.0,63.06
lettuce,6.5,4.0,8.53,1.37,1.0,0.93,146.6,0.0,3206.69
spring-boot-projects,4.33,3.0,3.99,1.07,1.0,0.43,9.07,1.0,19.73
SwipeRecyclerView,4.85,3.0,5.25,1.39,1.0,0.84,26.94,0.0,115.44
library,6.79,5.0,5.61,1.04,1.0,0.3,5.43,0.0,23.41
aurora-imui,4.81,2.5,7.04,1.53,1.0,1.44,50.27,0.0,407.5
InfiniteCycleViewPager,5.05,3.0,6.48,1.63,2.0,0.89,102.54,0.0,513.51
novel,4.42,2.0,5.52,1.07,1.0,0.34,20.43,0.0,67.11
react-native-splash-screen,3.42,2.5,2.97,1.25,1.0,0.45,2.0,0.5,2.7
springside4,3.17,2.0,3.38,1.28,1.0,0.8,24.78,1.0,109.01
EdXposed,6.07,4.0,6.96,1.6,1.0,1.05,191.08,1.0,2193.77
u2020,6.22,4.0,8.09,1.43,1.0,0.82,23.62,0.5,184.59
Blurry,5.14,3.5,4.54,1.0,1.0,0.0,0.64,0.0,1.6
HTextView,4.2,2.0,4.08,1.56,1.0,0.76,3.48,0.0,8.56
typespec,8.92,8.0,6.99,1.15,1.0,0.47,24.39,1.0,128.2
AndroidImageSlider,4.06,2.0,7.08,1.57,1.0,0.78,59.1,1.0,361.21
OsmAnd,9.0,5.0,11.23,1.73,1.0,2.26,109.06,1.0,623.24
Android-ZBLibrary,5.38,3.0,6.41,1.56,1.0,1.03,26.67,0.0,131.61
FlowLayout,4.32,3.0,3.81,1.41,1.0,0.56,5.0,0.0,16.01
hbase,7.81,5.0,10.67,1.49,1.0,1.59,70.17,1.0,891.31
uid-generator,2.88,1.0,3.38,1.28,1.0,0.74,11.72,1.0,21.2
jetcache,6.03,4.0,6.5,1.64,1.0,1.1,15.91,0.0,111.45
Digital,5.05,4.0,5.76,1.68,1.0,1.73,13.25,0.0,95.6
ShowcaseView,5.38,5.0,5.59,1.4,1.0,0.68,17.82,0.0,118.87
usb-serial-for-android,6.0,4.0,7.22,1.38,1.0,0.66,39.54,1.0,118.44
QLExpress,5.78,3.0,11.17,1.4,1.0,0.64,44.0,2.0,330.62
AutoJs6,5.18,3.0,6.74,1.46,1.0,0.88,42.4,1.0,268.9
ListViewAnimations,6.47,5.0,5.5,2.06,2.0,1.24,10.46,0.0,45.06
disconf,4.44,3.0,5.13,1.36,1.0,0.83,12.62,0.0,68.22
AndroidVideoCache,4.83,3.0,4.89,1.49,1.0,0.66,14.32,1.0,34.24
MagicCamera,3.54,3.0,4.99,1.47,1.0,0.68,7.63,0.0,33.22
sodium,6.29,4.0,6.88,1.51,1.0,2.39,17.29,1.0,71.26
QAuxiliary,7.47,5.0,7.79,1.32,1.0,0.59,40.51,1.0,246.27
jpexs-decompiler,5.95,3.0,12.36,1.93,1.0,2.36,60.94,1.0,659.41
Geyser,8.0,6.0,10.68,1.74,1.0,1.19,34.04,1.0,447.73
StickyListHeaders,4.81,3.0,6.95,1.4,1.0,0.66,3.98,0.0,15.53
FastBle,4.38,2.0,5.92,1.3,1.0,0.57,26.07,0.0,184.24
wechat,5.23,3.0,7.27,1.25,1.0,0.71,15.45,0.0,96.53
scribejava,4.21,3.0,3.99,1.4,1.0,0.78,10.94,1.0,89.92
freeline,3.8,3.0,4.62,1.61,1.0,1.51,13.87,1.0,63.54
TapTargetView,4.51,2.0,7.07,1.15,1.0,0.43,49.9,0.0,246.55
liquibase,6.85,4.0,7.64,1.78,2.0,0.91,66.13,3.0,563.38
mosby,5.38,3.0,5.68,1.61,1.0,1.23,9.64,0.0,27.98
barcodescanner,5.29,2.0,6.26,1.64,1.0,0.86,11.82,0.0,32.83
groovy,,,0.0,,,0.0,,,0.0
Telegram-X,9.5,4.0,19.68,1.43,1.0,0.88,549.11,1.0,8505.51
TelegramBots,10.41,11.0,6.59,2.18,1.0,1.77,11.31,0.0,102.15
spring-data-examples,2.63,2.0,1.65,1.01,1.0,0.09,0.47,0.0,2.3
socket.io-client-java,1.92,1.0,2.8,1.1,1.0,0.42,4.25,0.0,34.1
rebound,4.38,2.0,5.63,1.32,1.0,0.58,34.93,0.0,238.1
megabasterd,2.76,1.0,4.4,1.49,1.0,1.33,85.72,0.0,378.93
dubbo-spring-boot-project,7.11,6.0,5.0,1.17,1.0,0.38,11.93,0.0,71.13
thumbnailator,4.09,2.0,4.86,1.24,1.0,0.71,93.22,0.0,851.4
killbill,8.66,6.0,10.08,1.79,1.0,1.1,28.23,1.0,123.9
web3j,4.27,2.0,8.76,1.74,1.0,1.68,35.48,0.0,213.75
spotless,4.99,4.0,4.3,1.74,1.0,1.27,13.91,1.0,95.1
shimmer-android,8.57,9.0,6.65,1.86,2.0,0.69,18.0,10.0,24.48
android-job,6.99,4.0,6.06,1.77,1.0,2.35,32.01,1.0,135.39
pmd,5.75,4.0,8.5,2.04,2.0,2.55,43.64,1.0,590.63
android-advancedrecyclerview,6.61,4.0,7.13,2.41,2.0,2.21,32.02,0.0,194.66
cw-omnibus,5.27,4.0,4.95,1.69,2.0,0.83,20.08,0.0,131.7
picocli,3.0,2.0,4.96,1.11,1.0,1.47,58.91,0.0,970.42
SystemBarTint,8.0,7.0,5.17,1.78,2.0,0.67,22.56,1.0,37.19
runelite,3.4,0.0,6.96,1.21,1.0,0.72,24.55,0.0,845.68
markor,6.85,4.0,9.96,1.48,1.0,0.96,129.51,1.0,999.08
google-authenticator,3.89,2.0,5.05,1.69,1.0,1.31,29.66,1.0,90.16
XRecyclerView,3.91,2.0,4.85,1.42,1.0,0.61,9.04,0.0,63.09
allure2,5.96,4.0,5.68,1.3,1.0,0.79,13.77,1.0,52.87
generator,7.96,5.0,7.45,2.45,2.0,1.59,85.63,3.0,456.86
db-tutorial,5.21,4.0,5.16,1.18,1.0,0.55,32.61,0.0,181.5
DKVideoPlayer,5.33,2.0,6.29,1.59,1.0,0.85,46.75,0.0,392.83
lwjgl3,6.82,6.0,8.15,2.36,2.0,1.23,1011.43,91.0,21098.08
Android-Touch-Helper,4.13,3.0,5.17,1.18,1.0,0.39,1.95,0.0,8.44
JustTrustMe,2.56,1.0,4.45,1.19,1.0,0.48,2.7,0.0,9.07
gradle-retrolambda,4.6,3.0,3.61,1.04,1.0,0.2,2.16,0.0,9.01
Infinity-For-Reddit,6.99,4.0,10.95,1.55,1.0,2.38,31.35,1.0,318.2
VitamioBundle,4.95,3.0,6.11,1.32,1.0,0.6,75.07,0.0,589.27
android-lifecycle,7.0,7.5,5.22,1.67,2.0,0.52,151.67,190.0,121.96
dddsample-core,7.09,5.0,6.53,1.13,1.0,0.49,7.03,0.0,23.42
springboot-guide,4.12,3.0,3.11,1.18,1.0,0.57,1.35,0.0,5.5
okdownload,6.44,4.0,6.85,1.27,1.0,0.78,35.26,0.0,204.23
BasePopup,5.89,3.0,6.58,1.7,1.0,1.21,34.33,1.0,226.38
titan,5.86,3.0,8.65,1.37,1.0,0.81,20.51,1.0,117.23
easy-rules,5.09,4.0,3.57,1.31,1.0,0.65,7.63,1.0,23.51
Side-Menu.Android,3.89,2.0,5.2,1.22,1.0,0.43,4.11,0.0,10.48
midjourney-proxy,5.9,5.0,5.72,1.24,1.0,0.55,5.81,0.0,14.41
smartTable,5.13,2.0,7.64,1.19,1.0,0.46,25.93,0.0,203.92
Android-IMSI-Catcher-Detector,5.06,3.0,6.86,1.33,1.0,0.66,4.96,0.0,16.36
twoway-view,6.08,4.0,5.79,1.82,1.0,1.21,86.59,1.0,429.29
bitcoinj,7.13,4.0,10.77,1.72,1.0,2.73,87.97,0.0,691.66
reactor-core,7.2,7.0,8.2,1.68,1.0,1.63,121.61,1.0,2142.73
Dexter,4.42,3.0,5.25,1.2,1.0,0.56,4.15,0.0,14.59
oshi,5.24,4.0,5.34,1.6,1.0,1.16,32.44,1.0,122.38
YCSB,7.06,3.0,7.56,1.64,1.0,0.75,7.85,0.0,19.52
JS-Sorting-Algorithm,3.58,3.0,3.68,1.0,1.0,0.0,2.83,0.5,4.47
shopping-management-system,3.52,3.0,3.59,1.36,1.0,0.66,76.33,3.0,592.77
FloatingActionButton,4.64,2.0,7.38,1.38,1.0,0.77,139.68,0.0,691.84
xpay,6.43,5.0,6.88,1.0,1.0,0.0,93.43,1.0,288.5
views-widgets-samples,4.02,2.0,4.27,1.73,1.0,1.18,7.01,0.0,21.03
aviatorscript,4.64,3.0,6.71,1.5,1.0,0.78,63.15,1.0,382.8
dynamic-datasource,5.41,4.0,4.78,1.14,1.0,0.48,2.33,0.0,8.13
ctci,1.96,2.0,1.47,1.12,1.0,0.43,5.1,1.0,17.87
otto,2.44,1.0,3.13,1.39,1.0,0.87,3.55,0.0,14.62
CameraView,5.6,3.0,8.07,1.37,1.0,0.74,34.76,0.0,335.64
Luyten,2.35,1.0,4.12,1.54,1.0,1.59,15.45,0.0,65.42
wgcloud,6.04,3.0,7.75,1.19,1.0,0.4,34.54,9.5,49.62
calcite,7.7,5.0,10.28,1.7,1.0,2.11,404.03,1.0,8706.77
DesignPattern,2.54,2.0,3.61,1.28,1.0,0.45,1.43,0.0,4.56
armeria,6.44,5.0,6.5,1.31,1.0,0.84,32.69,0.0,258.13
spring-authorization-server,10.27,7.0,10.22,1.39,1.0,0.82,16.81,1.0,97.01
sofa-boot,5.15,3.0,5.46,1.2,1.0,0.53,17.82,0.0,246.22
XUI,5.73,3.0,6.44,1.66,1.0,0.94,52.71,1.0,352.07
bisq,7.49,4.0,9.49,1.75,1.0,1.17,30.17,1.0,368.18
opentsdb,7.14,4.0,7.68,1.28,1.0,0.8,64.88,0.0,365.98
ignite,5.6,3.0,8.86,1.66,1.0,1.53,495.74,0.0,64912.9
poi-tl,6.49,4.0,7.96,1.21,1.0,0.53,89.66,0.0,1507.2
Small,3.81,2.0,4.96,1.48,1.0,0.83,20.17,0.0,143.3
Chronos,3.2,2.0,1.79,1.0,1.0,0.0,0.4,0.0,0.55
gpmall,4.98,3.0,5.96,1.36,1.0,0.64,8.17,0.0,43.34
mapdb,3.24,2.0,4.12,2.02,1.0,3.55,81.85,0.0,452.76
spring-boot-best-practice,5.0,4.0,3.64,1.09,1.0,0.34,3.26,0.0,25.67
android-common,4.45,3.0,4.24,1.25,1.0,0.62,43.06,1.0,150.88
android-zxingLibrary,4.71,3.0,5.71,1.33,1.0,0.58,5.63,0.0,15.31
CloudReader,4.75,3.0,5.52,1.46,1.0,0.92,19.41,0.0,84.25
maven,5.37,3.0,7.21,1.54,1.0,0.83,46.0,0.0,579.85
GravitySnapHelper,6.86,6.0,6.18,1.57,1.0,0.79,66.0,1.0,164.58
ruoyi-ai,6.98,5.0,7.42,1.28,1.0,0.6,9.61,0.0,35.84
joda-time,8.58,6.0,8.19,2.28,2.0,1.87,295.38,10.0,784.56
LayoutManagerGroup,4.95,3.0,4.33,1.57,2.0,0.53,9.14,0.0,38.8
spring-mvc-showcase,5.17,5.0,3.69,1.21,1.0,0.45,9.45,0.0,23.87
rstudio,4.9,2.0,10.09,1.28,1.0,0.64,338.45,0.0,12879.88
dialogplus,5.24,3.0,6.29,1.03,1.0,0.19,57.86,0.0,255.17
UltraViewPager,5.21,2.0,6.85,1.38,1.0,0.49,58.38,0.0,124.88
spring-cloud-netflix,7.36,6.0,6.8,1.19,1.0,0.51,94.4,0.0,943.49
roncoo-pay,5.21,3.0,6.22,1.28,1.0,0.66,62.94,3.0,312.8
querydsl,5.2,3.0,6.19,1.99,1.0,2.14,42.9,0.0,572.85
InstaMaterial,4.79,2.0,6.38,1.54,1.0,0.86,9.94,0.0,29.58
react-native-config,4.6,4.0,2.95,1.5,1.0,0.69,1.95,1.0,3.46
react-native-webrtc,6.12,4.0,9.42,1.15,1.0,0.36,8.66,0.0,29.38
orientdb,6.55,5.0,9.15,1.62,1.0,0.96,312.62,1.0,16212.3
NavigationTabBar,4.02,2.0,6.01,1.31,1.0,0.57,57.5,0.5,389.28
RxJava2-Android-Samples,3.66,2.0,4.37,1.25,1.0,0.46,6.29,0.0,41.73
java-faker,4.12,4.0,6.38,1.45,1.0,0.5,40.75,0.0,391.21
HeliBoard,6.67,4.0,9.1,1.46,1.0,0.92,74.85,1.0,276.14
RippleEffect,3.42,2.0,5.09,1.37,1.0,0.5,23.16,0.0,98.77
small-spring,3.47,2.0,4.02,1.25,1.0,0.83,12.7,0.0,64.74
cglib,3.22,1.0,5.34,1.53,1.0,1.16,261.8,0.0,5178.17
ipscan,5.06,4.0,4.79,1.69,1.0,1.66,4.35,0.0,12.72
folding-cell-android,4.14,2.0,4.52,1.33,1.0,0.48,13.38,0.0,37.52
Awesome-POC,7.0,7.0,0.0,2.0,2.0,0.0,0.0,0.0,0.0
reactive-streams-jvm,3.12,3.0,2.65,1.28,1.0,0.8,20.34,0.0,127.96
unidbg,5.28,4.0,6.63,1.61,1.0,1.31,28.68,0.0,243.44
mockserver,7.27,5.0,7.59,1.69,1.0,1.11,95.82,1.0,1163.35
spring-cloud-gateway,7.03,5.0,7.47,1.37,1.0,0.78,16.57,0.0,139.4
micrometer,5.75,4.0,6.6,1.29,1.0,0.65,19.99,0.0,134.71
packer-ng-plugin,2.81,2.0,2.44,1.39,1.0,0.88,18.65,1.0,41.44
Transitions-Everywhere,6.87,5.0,6.07,1.68,1.0,1.35,25.72,0.0,223.42
djl,6.52,5.0,5.6,1.46,1.0,0.97,132.88,3.0,1687.23
lucida,6.55,5.0,7.54,1.61,1.0,0.87,23.52,1.0,74.22
opengrok,5.29,3.0,6.8,1.63,1.0,1.29,78.44,1.0,1077.4
mybatis,3.73,2.0,5.17,1.3,1.0,0.82,21.47,0.0,204.21
reflections,2.77,1.0,5.45,1.15,1.0,0.5,13.66,0.0,71.36
AndroidStaggeredGrid,5.86,3.0,6.59,1.86,1.5,1.42,155.89,0.5,666.97
supersonic,6.29,4.0,7.32,1.29,1.0,0.63,46.02,0.0,654.38
openai-java,5.39,4.0,8.23,1.08,1.0,0.37,15.55,0.0,182.88
blog_demos,4.03,3.0,4.29,1.19,1.0,0.67,14.68,0.0,118.78
Android-ConvenientBanner,4.83,3.0,5.36,1.45,1.0,0.69,7.79,1.0,20.15
dynamic-tp,4.84,4.0,4.36,1.29,1.0,0.67,17.74,0.0,138.8
android-tips-tricks,1.0,1.0,0.0,1.0,1.0,0.0,0.0,0.0,0.0
microservices-platform,6.36,5.0,5.73,1.25,1.0,0.59,6.44,0.0,31.27
SwitchButton,4.37,2.0,6.22,1.41,1.0,0.64,82.48,0.0,416.89
grobid,5.23,3.0,7.21,1.25,1.0,0.58,139.38,0.0,2118.77
baseAdapter,4.88,3.0,4.86,1.32,1.0,0.55,18.28,0.0,77.35
ForestBlog,5.1,3.0,5.26,1.07,1.0,0.26,12.69,0.0,46.04
JSON-java,3.14,1.0,5.47,1.19,1.0,0.59,368.65,1.0,1703.11
cameraview,4.83,3.0,5.31,1.26,1.0,0.58,12.12,0.0,34.17
spring-security-oauth,6.06,4.0,6.47,1.6,1.0,1.57,13.4,0.0,72.78
libsvm,3.26,1.5,4.04,1.35,1.0,0.88,19.62,0.0,100.04
Spring-Boot-In-Action,3.87,3.0,3.34,1.12,1.0,0.43,6.01,0.0,15.61
esProc,6.69,5.0,7.58,2.17,2.0,1.52,97.64,1.0,879.6
GDA-android-reversing-Tool,2.56,2.5,1.46,1.0,1.0,0.0,57.38,0.0,228.17
ActiveAndroid,5.44,3.0,5.54,1.74,1.0,1.02,22.08,3.0,80.11
javacpp,5.91,5.0,6.98,2.01,2.0,1.24,151.14,1.0,382.46
chuck,5.83,4.0,6.53,1.38,1.0,0.66,55.74,0.5,281.55
--,3.54,2.0,7.17,2.91,2.0,52.98,440.43,0.0,5564.69
oblivion,5.64,4.0,6.04,1.48,1.0,0.71,11.62,0.5,46.82
SpringBoot-Shiro-Vue,5.78,6.0,4.9,1.41,1.0,0.97,9.44,0.0,30.63
AndroRAT,2.87,2.0,3.83,1.16,1.0,0.37,1.38,0.0,5.01
Ant-Media-Server,5.69,2.0,9.41,1.33,1.0,0.74,163.96,1.0,2127.57
AndroidHttpCapture,4.71,3.0,6.57,1.42,1.0,0.8,37.0,0.0,259.3
JDA,8.84,6.0,12.58,1.82,1.0,1.19,129.12,3.0,1324.98
MaterialDateTimePicker,6.59,5.0,7.41,1.47,1.0,0.63,127.63,1.0,461.75
WePush,6.83,2.5,7.9,1.58,1.0,1.47,25.15,1.0,111.7
simplify,8.99,8.0,7.41,1.37,1.0,0.77,20.74,0.0,75.98
GCViewer,5.27,4.0,4.8,2.16,1.0,2.34,49.04,1.0,236.71
PageIndicatorView,5.51,4.0,5.55,1.5,1.0,0.71,22.81,1.0,162.0
cardslib,5.9,4.0,6.11,2.18,1.0,2.04,18.62,0.0,104.38
MallChat,6.24,5.0,6.56,1.2,1.0,0.46,4.44,0.0,14.95
crawler4j,5.28,4.0,5.71,1.31,1.0,0.56,55.89,1.0,331.07
aurora,7.29,6.0,6.59,1.12,1.0,0.36,7.26,0.0,80.09
concurrent,,,0.0,,,0.0,,,0.0
h2database,6.02,4.0,10.48,2.06,2.0,1.54,176.99,3.0,1601.2
ribbon,4.39,2.0,5.97,1.27,1.0,0.66,13.38,0.0,99.93
rocketmq-externals,5.75,4.0,5.9,1.25,1.0,0.56,16.45,0.0,88.28
BilibiliDown,4.21,2.0,4.25,1.72,1.0,1.35,42.19,1.0,307.53
objectbox-java,5.14,4.0,5.21,1.77,1.0,1.84,105.62,0.0,492.22
JAViewer,5.79,4.0,6.35,1.6,1.0,0.92,11.65,0.0,73.79
AndroidTutorialForBeginners,4.51,4.0,4.65,1.5,1.0,0.73,2.74,0.0,6.92
quasar,3.39,2.0,5.11,1.5,1.0,1.17,36.0,0.0,433.68
SimplifyReader,4.56,2.0,7.02,1.39,1.0,0.89,60.29,0.0,341.91
Douya,5.6,4.0,6.35,1.63,1.0,1.09,28.4,1.0,198.6
HyperCeiler,3.94,3.0,5.36,1.5,1.0,0.9,14.86,0.0,90.34
JGrowing,1.53,1.0,1.68,1.0,1.0,0.0,1.95,1.0,4.4
epic,3.23,3.0,5.29,1.62,1.0,0.83,30.4,1.0,219.9
go-lang-idea-plugin,8.12,6.0,8.87,2.07,2.0,1.33,110.03,3.0,2012.34
Depth-LIB-Android-,3.79,2.0,4.6,1.21,1.0,0.43,13.35,0.0,54.52
sqlbrite,4.7,2.0,5.88,1.36,1.0,0.77,4.3,0.0,27.94
android-crop,4.29,1.0,5.56,1.39,1.0,0.67,26.48,0.0,80.43
java-algorithms-implementation,3.71,3.0,3.66,1.58,1.0,2.17,7.05,0.0,24.61
novel-plus,6.48,3.0,7.3,1.21,1.0,0.46,46.16,1.0,123.74
dexposed,2.92,2.0,3.24,1.69,1.0,1.35,82.83,0.0,424.41
jacoco,4.24,3.0,4.42,1.44,1.0,0.69,12.42,0.0,79.32
IoT-Technical-Guide,4.09,3.0,4.33,1.25,1.0,0.49,3.16,0.0,12.06
azkaban,6.47,4.0,8.12,1.35,1.0,0.8,35.84,1.0,172.52
SmoothProgressBar,4.85,3.0,5.0,1.23,1.0,0.47,26.31,0.0,95.34
bottomsheet,4.9,3.0,5.91,1.37,1.0,0.67,27.66,0.0,176.52
Gadgetbridge,5.38,3.0,8.63,1.83,2.0,1.44,38.69,0.0,335.39
bilibili-android-client,4.92,3.0,6.31,1.82,1.0,1.17,42.79,3.0,173.1
flink-recommandSystem-demo,3.73,3.0,3.78,1.08,1.0,0.27,6.4,1.0,15.62
NineOldAndroids,4.29,2.0,4.36,1.43,1.0,0.71,30.14,0.0,108.07
Robust,3.52,2.0,3.62,1.26,1.0,0.54,17.36,3.5,35.65
java-developer-roadmap,0.0,0.0,0.0,1.0,1.0,0.0,0.0,0.0,0.0
flutter-webrtc,6.66,3.0,11.56,1.22,1.0,0.68,40.0,0.0,234.15
shiro,5.03,3.0,5.22,1.79,1.0,1.61,19.84,1.0,80.66
android-mvp-architecture,5.82,3.0,6.53,1.38,1.0,0.81,14.11,0.0,36.02
moco,5.81,5.0,5.76,1.54,1.0,0.85,34.57,1.0,363.29
android-times-square,4.55,4.0,5.66,1.23,1.0,0.6,25.87,0.0,134.51
GT,3.9,2.0,5.14,1.3,1.0,0.66,13.67,0.0,80.57
OpenHub,6.76,4.0,7.58,1.63,1.0,1.18,32.93,1.0,130.04
guide-rpc-framework,4.69,4.0,4.15,1.23,1.0,0.65,1.23,0.0,3.64
ticker,4.61,4.0,4.76,1.32,1.0,0.7,27.61,0.0,110.13
crate,7.57,5.0,11.08,1.65,1.0,0.98,50.42,1.0,697.22
mcaselector,6.88,5.0,7.01,2.54,1.0,3.3,23.11,1.0,172.93
serve,5.8,3.0,7.26,1.47,1.0,0.9,63.92,3.0,327.67
leet-code,2.02,2.0,1.9,1.0,1.0,0.0,1.09,0.0,2.95
BottomNavigation,7.53,5.5,7.82,1.43,1.0,0.73,69.27,4.5,162.14
frontend-maven-plugin,5.6,3.0,6.25,1.73,1.0,0.95,7.05,1.0,28.25
signal-cli,7.02,4.0,11.9,1.54,1.0,2.08,62.97,1.0,460.93
LSPosed_mod,5.57,3.0,7.23,1.62,1.0,1.26,50.2,0.0,327.87
cyberduck,6.39,4.0,8.82,1.35,1.0,0.76,65.51,0.0,1010.24
folib,6.88,4.0,8.33,1.34,1.0,0.76,41.82,1.0,488.55
dragonwell8,,,0.0,,,0.0,,,0.0
zotfile,,,0.0,,,0.0,,,0.0
jitsi,5.44,3.0,8.26,1.9,1.0,2.53,39.37,0.0,211.33
ImagePicker,5.83,3.0,6.27,1.49,1.0,0.77,23.08,0.0,115.57
open-location-code,4.96,3.0,6.29,1.18,1.0,0.46,4.55,0.0,11.36
failsafe,6.39,6.0,5.35,2.06,1.0,1.74,19.18,1.0,56.38
pdfsam,6.97,5.0,6.49,1.4,1.0,0.99,4.96,0.0,22.81
BGARefreshLayout-Android,5.15,3.0,5.57,1.41,1.0,0.75,9.8,1.0,42.54
geoserver,7.53,5.0,8.83,1.82,1.0,1.48,42.63,1.0,387.0
streampark,7.47,5.0,7.89,1.28,1.0,0.65,18.96,0.0,71.5
jabref,,,0.0,,,0.0,,,0.0
java-learning,1.08,1.0,1.12,1.29,1.0,0.51,0.6,0.0,2.92
fory,5.33,3.0,8.47,2.13,1.0,4.16,46.46,0.0,324.81
fastjson2,2.84,2.0,4.82,1.19,1.0,1.55,276.15,0.0,20256.76
InternetArchitect,4.68,3.0,4.64,1.16,1.0,0.68,63.77,0.0,303.22
android-volley,5.09,3.0,5.39,1.89,1.0,2.76,15.82,0.0,94.17
camunda-bpm-platform,6.28,4.0,7.6,1.65,1.0,1.1,86.64,1.0,2104.0
CircleIndicator,6.51,5.0,5.14,1.62,2.0,0.68,8.51,1.0,22.81
android-autofittextview,5.38,4.0,5.15,1.38,1.0,0.52,40.75,1.5,107.67
coursera-android,4.25,4.0,3.67,1.5,1.0,0.66,3.36,0.0,35.35
FairEmail,4.73,2.0,7.9,1.27,1.0,0.79,33.41,0.0,505.77
malmo,7.05,5.0,7.35,2.14,2.0,2.72,12.85,1.0,30.4
spring-boot-starter,4.54,4.0,6.41,1.22,1.0,0.52,16.18,0.0,153.05
hmily,5.37,4.0,4.84,1.22,1.0,0.57,10.65,0.0,56.23
dolby_beta,4.15,4.0,5.5,1.45,1.0,0.82,7.95,1.0,49.92
maxwell,6.11,4.0,7.2,1.62,1.0,0.81,32.14,0.0,157.69
javassist,3.39,1.0,5.9,1.55,1.0,1.35,43.91,0.0,313.85
OpenPDF,5.94,4.0,7.78,1.85,1.0,5.74,91.43,1.0,595.98
fernflower,4.38,1.0,7.75,1.24,1.0,0.64,33.4,0.0,404.83
ShineButton,4.83,2.0,5.7,1.62,1.0,0.82,23.62,0.0,94.18
aws-sdk-java,,,0.0,,,0.0,,,0.0
FloatWindow,3.77,2.0,4.14,1.27,1.0,0.54,9.73,1.0,27.38
powermock,3.44,2.0,4.02,1.24,1.0,0.64,22.71,0.0,281.34
JKeyboardPanelSwitch,5.2,3.0,5.07,1.3,1.0,0.46,7.38,0.0,13.71
syncthing-android,6.51,2.5,9.14,1.69,1.0,1.12,9.05,0.0,24.89
CoordinatorTabLayout,5.29,3.0,5.57,1.41,1.0,0.51,9.41,0.0,32.75
campus-imaotai,6.34,5.0,5.74,1.41,1.0,1.17,20.38,1.0,78.43
tx-lcn,4.95,4.0,4.04,1.21,1.0,0.63,6.34,0.0,43.44
jmonkeyengine,7.68,5.0,8.27,1.43,1.0,0.71,68.69,1.0,450.74
jshERP,5.99,3.0,9.96,1.33,1.0,0.54,1642.22,13.0,8174.19
BGABanner-Android,5.0,3.0,6.02,1.58,2.0,0.6,26.28,1.0,155.7
mlkit,7.73,5.0,8.49,1.53,1.0,0.67,9.53,0.0,36.97
AndroidWiFiADB,2.87,2.0,3.15,1.5,1.0,1.07,12.13,0.0,23.72
lilishop,7.62,5.0,8.23,1.31,1.0,0.57,13.65,0.0,93.95
FlatLaf,3.86,2.0,5.51,3.54,2.0,3.96,61.28,3.0,338.3
SmartCropper,6.25,3.0,7.39,1.33,1.0,0.49,122.5,0.0,408.12
ShedLock,6.07,5.0,4.68,2.12,2.0,1.98,7.7,0.0,26.59
HaE,4.44,2.0,4.96,1.7,1.0,1.59,12.9,0.0,36.68
bitcoin-wallet,7.53,4.0,9.78,1.71,1.0,1.12,5.41,0.0,21.75
LoadingDrawable,6.51,4.0,6.56,1.45,1.0,0.53,15.83,1.0,27.99
chunjun,7.14,4.0,7.43,1.57,1.0,0.82,20.7,1.0,119.34
Tangram-Android,5.26,3.0,7.16,1.68,1.0,1.14,23.21,0.0,121.16
tiny-spring,3.08,2.0,3.23,1.15,1.0,0.41,2.37,0.0,6.31
bistoury,4.84,3.0,5.85,1.28,1.0,0.72,21.42,1.0,119.19
ExpandableTextView,5.13,4.0,6.03,1.73,1.0,1.1,11.8,0.0,39.4
jodd,3.99,3.0,4.48,1.44,1.0,1.33,12.95,0.0,59.23
hawk,3.62,2.0,4.24,1.04,1.0,0.2,12.96,1.0,25.52
ViewPagerCards,5.33,6.0,4.85,1.56,2.0,0.53,2.22,0.0,3.7
jetty.project,5.58,3.0,6.56,1.63,1.0,1.56,25.5,0.0,248.04
ripme,5.01,4.0,3.46,2.54,2.0,1.29,28.27,4.0,94.42
camunda,7.2,5.0,9.43,1.37,1.0,0.98,30.56,1.0,244.57
XChange,6.0,4.0,6.51,1.49,1.0,0.9,24.98,0.0,724.29
java-tron,8.82,7.0,11.17,1.78,1.0,2.01,83.22,1.0,1271.32
CC,4.97,4.0,4.74,1.26,1.0,0.56,16.32,0.0,129.76
Create,11.1,9.0,10.48,1.75,2.0,1.15,29.47,3.0,118.41
NullAway,4.76,2.0,9.13,1.2,1.0,0.48,58.38,0.0,362.13
freeplane,4.59,3.0,6.35,1.51,1.0,1.25,45.91,1.0,507.03
XCL-Charts,7.74,3.0,9.81,2.18,1.0,1.55,49.04,4.0,157.8
greys-anatomy,4.07,3.0,4.32,1.15,1.0,0.55,6.77,0.0,21.89
Bolts-Android,3.0,2.0,3.52,1.09,1.0,0.41,19.01,0.0,150.35
effective-java-3e-source-code,1.13,1.0,1.08,1.19,1.0,0.66,1.33,0.0,3.48
awaitility,3.18,1.0,4.56,1.19,1.0,0.59,18.58,0.0,123.73
Phoenix,4.33,2.5,4.82,1.67,1.0,0.96,7.54,0.0,19.17
TwinklingRefreshLayout,4.28,2.0,4.78,1.37,1.0,0.66,36.27,0.0,214.68
LiveEventBus,3.23,2.0,3.55,1.11,1.0,0.37,4.04,0.0,16.92
BigImageViewer,4.61,3.0,4.82,1.29,1.0,0.53,12.81,1.0,61.29
Leetcode,1.55,1.0,1.96,1.0,1.0,0.02,0.29,0.0,7.39
screw,4.99,3.0,4.47,1.35,1.0,0.79,5.24,0.0,9.68
hello-java,0.64,0.0,1.01,1.33,1.0,0.77,0.47,0.0,2.06
BadgeView,4.34,2.0,5.35,1.31,1.0,0.58,49.89,0.0,220.94
tech-weekly,2.89,2.0,3.53,1.02,1.0,0.16,2.12,0.0,9.84
XposedInstaller,4.9,2.0,6.77,1.42,1.0,0.85,8.52,0.0,29.79
RichText,4.27,2.0,5.84,1.45,1.0,0.85,10.55,0.0,45.94
BlurView,5.9,3.5,5.68,1.5,1.0,0.73,7.0,1.0,14.2
bundletool,9.68,7.0,8.97,1.27,1.0,1.19,83.32,6.0,532.85
leetcode-editor,6.32,4.0,6.03,1.74,1.0,1.18,20.15,0.0,113.55
GuideView,3.74,2.0,4.5,1.37,1.0,0.73,8.23,1.0,35.28
java,7.33,6.0,10.12,1.6,1.0,2.72,242.15,1.0,2097.01
DataMiningAlgorithm,2.29,2.0,2.26,1.09,1.0,0.36,9.96,0.0,36.26
TinyPinyin,2.06,1.0,2.95,1.09,1.0,0.34,8.75,0.0,57.8
android-iconify,3.51,3.0,3.72,1.23,1.0,0.43,5.19,1.0,15.31
RxJavaSamples,4.55,3.0,5.37,1.4,1.0,0.74,1.6,0.0,3.8
sofa-rpc,5.21,3.0,5.49,1.32,1.0,0.63,24.44,0.0,128.24
IDDD_Samples,4.74,3.0,5.57,1.66,1.0,1.07,27.33,5.0,93.39
Launcher3,7.24,3.0,10.9,1.47,1.0,0.86,63.68,0.0,728.69
learning-spark,2.83,2.0,3.45,1.02,1.0,0.12,1.8,0.0,12.09
Conductor,5.48,3.0,6.2,1.35,1.0,0.66,71.34,0.0,406.34
shopizer,7.94,4.0,9.72,1.68,1.0,0.98,34.15,2.0,130.94
BackgroundLibrary,4.79,4.0,4.83,1.21,1.0,0.41,34.18,0.0,222.09
xboot,7.42,6.0,6.82,1.21,1.0,0.53,2.66,0.0,9.35
jstorm,5.54,4.0,6.57,1.55,1.0,2.01,42.37,1.0,526.01
Timeline-View,9.0,9.0,8.49,1.5,1.5,0.71,453.5,453.5,639.93
DSBridge-Android,2.98,2.0,3.9,1.11,1.0,0.31,15.98,0.0,72.19
react-native-share,5.59,3.0,4.92,2.07,2.0,0.91,8.61,8.0,11.37
My-Blog,4.76,3.0,5.8,1.05,1.0,0.39,29.55,5.0,62.49
Sui,4.93,3.0,5.72,1.18,1.0,0.41,14.55,1.0,66.22
pixel-dungeon,5.72,4.0,7.32,2.54,2.0,1.65,12.42,1.0,61.69
sticky-headers-recyclerview,4.62,2.0,4.95,1.28,1.0,0.53,3.24,0.0,6.68
PCAPdroid,9.36,6.0,11.97,1.56,1.0,0.89,88.39,0.0,673.86
AndServer,5.02,3.0,6.3,1.54,1.0,1.19,48.05,1.0,244.82
yacy_search_server,5.34,4.0,6.47,1.37,1.0,0.76,46.83,0.0,301.34
uncle-novel,7.29,5.0,8.77,1.66,1.0,0.85,10.42,0.0,35.72
Terasology,6.16,4.0,7.86,1.45,1.0,0.86,25.25,0.0,171.51
RoaringBitmap,5.57,5.0,4.83,1.14,1.0,0.46,257.97,0.0,1862.44
spotbugs,4.07,2.0,7.71,1.37,1.0,0.87,25.68,0.0,366.01
MaterialSearchView,4.05,2.0,6.28,1.32,1.0,0.52,22.66,1.0,132.52
ahbottomnavigation,5.11,2.0,7.54,1.17,1.0,0.38,57.48,0.0,313.31
CircleProgress,5.76,6.0,4.22,1.68,2.0,0.69,85.76,1.0,244.34
JCTools,4.67,3.0,5.3,4.37,3.0,3.47,22.48,0.0,87.56
sofa-jraft,6.24,3.0,8.6,1.46,1.0,1.09,75.87,1.0,317.74
blossom,5.72,3.0,6.51,1.34,1.0,0.67,6.98,0.0,26.82
MarqueeView,5.41,4.0,4.89,1.36,1.0,0.49,5.45,0.0,12.09
SwipeDelMenuLayout,3.1,2.0,3.34,1.25,1.0,0.44,5.2,0.0,28.6
NoHttp,4.46,3.0,4.74,1.5,1.0,0.8,45.65,1.0,302.14
akhq,8.19,6.0,7.92,1.3,1.0,0.53,29.43,0.0,148.77
learning-note,2.19,2.0,2.41,1.17,1.0,0.55,2.89,0.0,21.75
BannerViewPager,5.41,3.0,7.2,1.41,1.0,0.72,47.82,0.0,227.59
DevOps-Projects,5.77,5.0,4.4,1.19,1.0,0.52,22.75,0.0,132.48
mpush,4.73,3.0,5.32,1.34,1.0,0.7,24.57,1.0,171.61
kylin,7.8,5.0,9.66,1.5,1.0,0.84,137.73,1.0,5219.73
SuperTextView,3.05,2.0,5.85,1.16,1.0,0.4,141.67,0.0,1033.99
blurkit-android,6.1,5.0,5.65,1.5,1.0,0.71,30.3,0.0,90.0
CustomActivityOnCrash,5.4,4.0,4.76,1.33,1.0,0.49,32.33,0.0,80.06
helidon,5.49,4.0,5.47,1.38,1.0,1.09,34.08,1.0,359.73
roboguice,4.5,3.0,6.4,1.22,1.0,1.02,7.13,0.0,70.4
atmosphere,5.71,4.0,6.06,1.21,1.0,0.64,29.65,1.0,347.88
tablesaw,6.27,4.0,6.69,1.28,1.0,0.6,108.53,1.0,478.85
undertow,5.22,3.0,6.36,1.24,1.0,0.73,37.17,0.0,515.49
FoldCraftLauncher,5.34,3.0,6.89,1.67,1.0,1.45,50.24,1.0,868.76
maestro,8.45,6.0,8.09,1.58,1.0,0.85,27.37,0.0,367.24
portfolio,7.44,5.0,8.57,1.4,1.0,0.85,86.45,1.0,772.93
ShadowLayout,4.21,2.0,5.89,1.16,1.0,0.37,29.77,0.0,126.54
andOTP,6.11,3.0,8.45,1.5,1.0,0.98,41.42,0.0,339.33
JavaSourceCodeLearning,2.85,2.0,2.96,1.26,1.0,0.47,3.14,0.0,9.48
Skeleton,3.73,3.0,3.4,1.24,1.0,0.5,4.61,0.0,14.51
ChatKit,5.77,3.0,6.55,2.9,2.0,4.83,35.48,0.0,135.54
dinky,7.05,5.0,8.02,1.37,1.0,0.71,25.14,0.0,108.53
spruce-android,4.86,3.0,6.09,1.37,1.0,0.75,5.35,0.0,30.99
Play-with-Algorithms,2.89,2.0,2.41,1.01,1.0,0.09,5.2,0.0,20.64
grpc-spring,6.61,6.0,5.25,1.48,1.0,1.15,5.37,0.0,24.05
Chronicle-Queue,5.4,4.0,6.15,1.6,1.0,0.84,169.34,0.0,2155.08
ByteLegend,6.98,7.0,2.82,1.0,1.0,0.06,727.84,20.0,2317.18
StylishMusicPlayer,5.03,3.0,5.79,1.31,1.0,0.65,13.22,0.0,40.41
liteflow,4.88,3.0,4.77,1.78,2.0,0.64,15.07,0.0,121.93
Android-BluetoothKit,4.07,2.0,5.43,1.24,1.0,0.51,18.7,0.0,75.07
jackson-databind,3.78,2.0,5.85,1.74,1.0,1.98,23.6,0.0,294.98
Iris,6.22,4.0,7.48,1.31,1.0,0.87,24.12,0.0,185.96
dependency-track,8.98,6.0,10.31,1.52,1.0,0.73,112.67,1.0,1544.55
ftgo-application,5.35,3.0,5.56,1.19,1.0,0.64,8.19,0.0,31.01
springdoc-openapi,3.93,3.0,4.81,1.31,1.0,0.62,9.07,0.0,105.55
incubator-heron,5.7,4.0,6.09,1.47,1.0,0.91,20.75,1.0,185.35
smart-admin,6.42,4.0,5.98,1.23,1.0,0.44,3.78,0.0,19.15
brigadier,6.64,5.0,5.44,1.15,1.0,0.39,44.55,0.0,231.11
databus,5.53,3.0,8.03,1.36,1.0,0.8,46.73,0.0,228.18
light-4j,4.76,3.0,5.38,1.17,1.0,0.57,25.05,0.0,129.42
Cimoc,5.87,3.0,7.16,1.5,1.0,0.94,23.27,0.0,77.94
groupie,5.1,3.0,5.41,1.83,1.0,1.01,29.9,0.0,141.48
ASimpleCache,4.45,2.0,5.25,1.45,1.0,0.63,38.52,0.0,109.5
marshalsec,7.31,6.0,5.66,1.82,1.0,1.03,14.58,1.0,39.04
rejoiner,6.62,5.0,6.22,1.57,1.0,1.05,4.92,0.0,14.94
initializr,6.21,4.0,6.03,1.26,1.0,0.62,35.64,1.0,180.0
Linkage-RecyclerView,6.4,5.0,6.3,1.55,1.0,0.72,10.39,1.0,24.5
hackpad,5.09,3.0,7.14,1.81,1.0,1.36,152.3,1.0,963.65
android-hidden-api,8.0,7.5,5.48,1.0,1.0,0.0,56.5,0.5,112.33
tika,6.08,4.0,6.54,1.52,1.0,1.78,31.6,1.0,187.31
libstreaming,3.57,2.0,4.56,1.42,1.0,0.86,23.29,0.0,66.56
NewbieGuide,4.31,3.0,4.56,1.18,1.0,0.42,10.44,0.0,65.12
ArchUnit,3.61,2.0,7.09,1.28,1.0,1.05,39.49,0.0,483.82
kubernetes-client,21.89,30.0,13.96,1.12,1.0,0.47,85.88,37.0,565.6
spock,5.4,4.0,6.65,1.44,1.0,1.07,34.4,1.0,184.22
Alink,6.44,5.0,6.24,1.63,1.0,1.0,34.7,0.0,236.71
chatgpt-java,5.28,3.0,6.44,1.28,1.0,0.73,14.59,0.0,57.8
data-transfer-project,6.87,4.0,7.84,1.25,1.0,0.7,6.87,0.0,22.15
emojicon,5.15,4.0,5.24,1.56,1.0,0.79,6.77,0.0,12.98
Android,4.7,4.5,3.46,1.66,2.0,0.58,2.14,1.0,3.94
island,6.8,4.0,7.15,1.52,1.0,0.84,52.11,1.0,350.32
android-maps-utils,7.01,5.0,6.97,1.67,1.0,0.94,37.91,1.0,148.0
Nekogram,6.94,4.0,14.06,1.67,1.0,17.7,70.29,0.0,1357.1
termux-api,5.47,4.0,5.43,1.39,1.0,0.96,3.68,0.0,10.03
android,4.21,2.0,5.76,1.52,1.0,1.04,15.65,0.0,173.81
logging-log4j2,5.52,4.0,5.24,1.51,1.0,1.44,46.47,1.0,1259.9
ExplosionField,4.9,2.0,4.93,1.5,1.5,0.53,4.3,0.0,10.39
vertx-examples,5.35,5.0,2.67,1.82,2.0,0.52,1.03,1.0,2.5
AppUpdate,4.44,3.0,6.01,1.16,1.0,0.41,37.14,1.0,112.16
android-stackblur,1.76,0.0,3.73,1.1,1.0,0.49,0.59,0.0,1.9
AxonFramework,6.17,5.0,6.16,1.26,1.0,0.69,11.91,0.0,79.84
FlexibleAdapter,5.99,4.0,7.61,2.11,1.0,1.64,102.16,1.0,1464.55
DropDownMenu,4.53,3.0,3.66,1.37,1.0,0.5,2.16,0.0,4.25
MyPerf4J,3.9,2.0,4.38,1.16,1.0,0.36,10.16,0.0,40.42
ThreeTenABP,4.29,4.0,1.8,1.43,1.0,0.53,1.43,0.0,2.3
netty-learning,5.06,4.0,4.8,1.65,1.0,1.13,39.25,1.0,377.98
MagicaSakura,8.3,7.5,7.29,1.68,2.0,1.19,25.44,3.0,73.53
immutables,4.66,3.0,5.09,1.28,1.0,1.14,30.72,0.0,564.43
RxAndroidBle,5.37,3.0,6.47,1.31,1.0,0.9,53.48,0.0,620.63
concurrency-limits,4.61,3.0,4.6,1.28,1.0,0.71,8.38,1.0,21.31
parceler,4.69,3.0,7.08,1.35,1.0,1.32,16.59,0.0,219.62
floatingsearchview,3.57,2.0,7.12,1.18,1.0,0.47,26.28,0.0,242.92
spring-cloud-kubernetes,8.25,7.0,6.52,1.3,1.0,0.6,4.88,0.0,22.13
NetGuard,4.81,2.0,8.06,1.25,1.0,0.69,18.49,0.0,129.22
proguard,9.25,6.0,13.4,1.23,1.0,0.83,58.54,1.0,537.53
retrolambda,2.48,1.0,5.25,1.41,1.0,0.92,9.0,0.0,43.57
Music-Player,4.41,3.5,3.68,1.75,2.0,0.8,5.03,0.5,9.77
sndcpy,7.75,4.5,8.26,2.0,2.0,0.82,20.25,0.0,40.5
JavaEETest,3.52,3.0,3.4,1.1,1.0,0.36,3.27,0.0,9.69
openj9,3.29,2.0,5.03,1.53,1.0,1.38,111.22,0.0,2134.21
12306,5.05,3.0,6.38,1.2,1.0,0.56,2.71,0.0,11.66
RecyclerViewPager,4.31,2.0,4.28,1.49,1.0,0.71,9.97,0.0,59.92
SAI,6.43,5.0,6.87,1.54,1.0,0.94,13.26,1.0,34.0
Store,6.2,5.0,4.98,1.56,1.0,3.14,17.06,1.0,124.67
SwipeMenuListView,4.39,2.0,4.83,1.45,1.0,0.75,15.24,1.0,40.26
GeekNews,4.63,2.0,5.22,1.45,1.0,0.92,10.01,0.0,37.65
incubator-kie-optaplanner,7.25,5.0,6.91,1.84,1.0,1.21,49.22,1.0,436.98
commafeed,7.44,5.0,7.95,1.37,1.0,0.87,5.96,0.0,18.86
LoadSir,5.19,3.0,4.35,1.55,1.5,0.6,4.01,0.0,11.99
Toaster,4.58,3.0,4.43,1.33,1.0,0.68,40.25,0.5,109.93
migration,1.42,1.0,0.67,1.0,1.0,0.0,0.08,0.0,0.29
BottomNavigationViewEx,4.9,3.0,5.12,1.59,1.0,0.73,50.14,0.0,185.9
my-site,6.19,3.0,7.98,1.19,1.0,0.49,35.02,0.0,169.6
